{
  "project_info": {
    "project_number": "929948358870",
    "firebase_url": "https://park-kar-624f3-default-rtdb.firebaseio.com",
    "project_id": "park-kar-624f3",
    "storage_bucket": "park-kar-624f3.appspot.com"
  },
  "client": [
    {
      "client_info": {
        "mobilesdk_app_id": "1:929948358870:android:7eebac6f9edca9ec84d177",
        "android_client_info": {
          "package_name": "com.example.parkar"
        }
      },
      "oauth_client": [
        {
          "client_id": "929948358870-ke0tlnflluaqc10rvcd6h0uuchai37rn.apps.googleusercontent.com",
          "client_type": 3
        }
      ],
      "api_key": [
        {
          "current_key": "AIzaSyDcAJ9XJIT1AZfgiW1RIfD_7hoPTrpiccc"
        }
      ],
      "services": {
        "appinvite_service": {
          "other_platform_oauth_client": [
            {
              "client_id": "929948358870-ke0tlnflluaqc10rvcd6h0uuchai37rn.apps.googleusercontent.com",
              "client_type": 3
            }
          ]
        }
      }
    },
    {
      "client_info": {
        "mobilesdk_app_id": "1:929948358870:android:a9ec3bbbdbe4724684d177",
        "android_client_info": {
          "package_name": "com.example.parkkar"
        }
      },
      "oauth_client": [
        {
          "client_id": "929948358870-ke0tlnflluaqc10rvcd6h0uuchai37rn.apps.googleusercontent.com",
          "client_type": 3
        }
      ],
      "api_key": [
        {
          "current_key": "AIzaSyDcAJ9XJIT1AZfgiW1RIfD_7hoPTrpiccc"
        }
      ],
      "services": {
        "appinvite_service": {
          "other_platform_oauth_client": [
            {
              "client_id": "929948358870-ke0tlnflluaqc10rvcd6h0uuchai37rn.apps.googleusercontent.com",
              "client_type": 3
            }
          ]
        }
      }
    }
  ],
  "configuration_version": "1"
}