,Median_time_FastLearners,N_Correctly_Answered_FastLearners,N_Wrongly_Answered_FastLearners,N_UnAttempted_FastLearners,Median_time_AvgLearners,N_Correctly_Answered_AvgLearners,N_Wrongly_Answered_AvgLearners,N_UnAttempted_AvgLearners,Median_time_SlowLearners,N_Correctly_Answered_SlowLearners,N_Wrongly_Answered_SlowLearners,N_UnAttempted_SlowLearners,target
0,42,263,34,75,84,230,70,119,140,208,106,81,1
1,41,264,33,75,83,230,69,118,140,211,108,81,1
2,40,266,35,76,84,230,71,121,140,209,106,79,1
3,41,265,35,75,82,231,71,120,141,208,105,80,1
4,39,265,34,74,84,228,71,118,141,211,105,78,1
5,39,267,37,75,83,231,69,120,140,209,103,81,1
6,41,264,35,75,82,229,70,119,141,208,106,83,1
7,39,265,36,76,81,228,70,122,141,210,103,81,1
8,40,264,36,74,82,230,69,120,140,209,105,80,1
9,39,265,36,75,84,230,70,121,141,210,105,79,1
10,39,265,34,76,82,231,70,120,138,209,107,79,1
11,40,265,34,75,81,231,73,118,140,209,106,80,1
12,40,265,35,74,81,229,70,121,141,210,106,81,1
13,39,264,36,75,81,230,72,121,141,210,104,79,1
14,39,264,35,76,83,231,70,120,141,211,106,80,1
15,40,264,37,75,83,230,70,121,140,210,104,80,1
16,41,266,34,77,82,229,69,121,141,209,104,81,1
17,38,265,36,75,83,229,71,120,140,210,104,81,1
18,41,266,34,77,83,231,71,119,140,209,106,81,1
19,42,266,38,75,84,229,68,120,139,210,106,81,1
20,39,266,35,75,83,230,70,120,139,210,103,79,1
21,41,264,35,76,82,230,71,120,139,211,104,82,1
22,40,265,35,75,80,230,72,121,139,210,105,80,1
23,40,266,34,74,84,229,70,120,140,210,104,79,1
24,39,265,34,77,82,231,68,121,140,209,105,79,1
25,39,266,34,76,83,229,72,118,141,210,106,81,1
26,39,264,34,77,83,230,70,121,140,210,106,79,1
27,41,266,34,75,83,229,70,121,140,208,104,80,1
28,40,265,34,77,84,229,70,119,138,211,104,80,1
29,41,265,36,75,81,231,70,121,139,208,106,81,1
30,41,264,37,75,82,233,69,120,141,210,105,79,1
31,40,265,35,74,82,230,72,118,139,210,105,81,1
32,40,262,35,75,82,229,69,120,140,212,105,80,1
33,40,264,36,73,83,230,71,117,141,209,106,79,1
34,41,265,35,75,82,229,69,119,141,209,105,79,1
35,41,266,35,74,82,230,71,119,138,210,105,80,1
36,40,265,33,77,81,229,70,119,141,206,105,79,1
37,39,266,36,74,83,228,70,119,138,210,105,79,1
38,41,265,34,75,82,230,70,119,140,209,103,81,1
39,40,265,37,75,83,230,68,121,139,210,105,80,1
40,40,264,35,75,82,230,70,119,141,211,106,79,1
41,40,266,35,76,82,230,71,122,140,209,106,80,1
42,39,267,39,76,82,231,69,120,140,209,104,80,1
43,40,265,36,75,84,231,72,120,140,210,104,79,1
44,40,264,33,74,82,229,71,118,140,208,104,80,1
45,39,265,36,75,83,232,71,119,141,209,104,79,1
46,40,265,34,76,83,229,71,120,141,212,107,80,1
47,40,265,34,74,80,230,71,119,139,209,105,80,1
48,39,265,35,73,83,231,70,120,139,210,105,81,1
49,41,265,35,75,82,232,70,120,141,211,104,80,1
50,41,265,35,73,82,230,69,121,140,209,105,81,1
51,39,264,36,76,81,230,70,119,139,208,106,82,1
52,38,264,35,76,83,229,70,120,140,208,105,80,1
53,41,265,34,75,83,229,71,119,140,209,106,80,1
54,38,264,35,76,82,230,71,120,139,209,104,81,1
55,41,267,33,75,82,231,69,121,141,210,104,79,1
56,39,266,35,74,82,231,68,122,140,211,104,80,1
57,39,265,37,75,83,230,70,119,140,210,104,79,1
58,40,265,35,75,82,230,69,122,139,210,106,82,1
59,39,265,35,75,82,230,69,121,139,210,105,78,1
60,40,267,34,75,84,231,71,120,139,209,107,81,1
61,40,265,34,76,82,231,69,120,138,210,106,80,1
62,40,264,35,74,83,231,70,122,140,213,107,81,1
63,42,265,35,75,84,231,70,119,141,210,104,81,1
64,39,264,36,74,83,229,69,120,140,211,105,79,1
65,41,264,33,75,82,230,71,121,139,212,105,82,1
66,40,265,35,74,81,230,69,122,139,210,105,79,1
67,39,264,34,77,83,232,70,120,138,210,104,80,1
68,40,266,36,75,83,232,70,120,138,209,104,81,1
69,41,265,33,76,83,231,69,121,139,209,106,79,1
70,40,264,36,76,82,230,70,120,139,211,105,81,1
71,41,265,36,74,81,230,70,120,142,209,105,81,1
72,39,266,35,74,82,230,71,120,141,210,105,79,1
73,40,264,35,75,83,229,70,119,142,210,104,80,1
74,40,264,34,75,82,228,69,121,141,211,105,81,1
75,38,263,36,74,82,230,70,121,140,209,105,81,1
76,41,265,34,74,83,231,70,120,140,210,105,80,1
77,40,264,34,76,83,230,72,120,140,211,104,81,1
78,40,264,36,76,82,228,70,121,140,208,102,80,1
79,40,265,36,74,84,231,71,120,140,210,106,80,1
80,39,264,36,75,83,231,71,122,141,208,106,79,1
81,40,262,36,75,83,231,70,120,140,209,105,80,1
82,37,264,34,73,82,230,70,120,141,210,105,79,1
83,40,265,34,74,83,231,70,121,139,210,106,81,1
84,40,264,36,75,84,229,69,120,139,210,105,80,1
85,40,264,34,76,83,232,70,121,139,210,106,79,1
86,40,265,34,75,81,230,71,120,140,210,104,80,1
87,40,265,35,74,83,230,70,120,142,209,105,80,1
88,40,266,35,76,84,229,71,120,141,210,106,79,1
89,39,263,36,75,82,231,70,122,140,212,105,80,1
90,39,266,37,73,82,229,71,120,143,210,107,80,1
91,40,267,34,75,83,230,70,120,139,209,105,80,1
92,40,264,35,74,82,230,72,120,140,211,103,81,1
93,41,265,34,76,84,228,70,120,140,210,104,79,1
94,40,265,36,74,83,230,70,120,138,210,105,80,1
95,40,265,35,75,83,230,69,120,139,210,108,80,1
96,38,264,36,76,82,229,70,120,140,208,105,80,1
97,39,265,35,74,83,230,71,119,139,211,106,81,1
98,42,265,33,75,84,230,70,120,140,211,106,80,1
99,40,266,35,74,83,230,70,122,142,212,104,79,1
100,41,264,34,75,82,232,69,119,142,210,105,80,1
101,42,264,37,76,83,229,69,120,140,210,106,80,1
102,38,266,34,75,83,230,70,120,138,209,104,81,1
103,38,264,35,74,82,231,70,123,140,209,105,80,1
104,41,264,35,74,82,232,72,119,140,210,106,78,1
105,40,266,35,74,81,231,69,118,140,211,103,79,1
106,40,264,35,75,82,231,69,120,139,211,105,81,1
107,40,265,36,76,83,228,69,119,138,210,103,80,1
108,41,265,36,76,81,230,70,120,140,210,104,78,1
109,39,265,36,74,83,230,71,121,139,210,105,81,1
110,39,265,36,75,82,230,72,119,140,210,105,81,1
111,40,266,36,74,84,229,69,121,140,209,107,79,1
112,40,265,34,75,82,230,70,119,141,210,104,82,1
113,39,265,35,74,83,228,71,119,142,210,105,80,1
114,40,265,36,75,82,230,70,120,140,211,106,81,1
115,40,265,33,75,82,231,69,121,139,210,105,80,1
116,41,265,35,75,82,231,69,121,139,208,105,80,1
117,39,264,36,75,84,231,70,121,141,211,106,80,1
118,40,264,36,73,83,229,70,119,140,212,106,78,1
119,40,264,35,76,83,230,67,120,140,212,105,79,1
120,41,266,34,75,82,230,71,121,138,210,106,80,1
121,39,263,34,73,84,229,70,119,140,208,103,82,1
122,39,264,34,74,83,231,70,120,140,209,105,81,1
123,42,267,33,75,84,231,69,120,140,209,104,80,1
124,40,266,34,74,82,228,69,119,140,209,105,81,1
125,40,265,36,74,80,231,69,122,139,210,105,79,1
126,39,263,34,74,83,230,69,121,140,210,107,79,1
127,41,266,36,76,83,228,70,120,140,211,106,80,1
128,41,264,36,75,83,229,70,119,139,211,106,80,1
129,39,266,38,75,82,231,70,119,141,210,107,79,1
130,40,265,34,73,83,232,71,119,142,209,105,81,1
131,40,264,34,74,83,230,70,120,140,210,106,79,1
132,42,264,36,76,82,231,70,120,139,209,105,80,1
133,39,265,36,74,83,229,70,118,139,209,104,81,1
134,41,265,35,75,83,232,70,121,140,211,106,79,1
135,41,265,34,76,82,230,68,121,139,210,105,80,1
136,41,262,35,74,83,230,70,120,139,209,106,81,1
137,39,265,35,76,83,231,70,120,140,211,105,81,1
138,39,264,33,75,83,229,69,118,141,211,106,80,1
139,40,266,34,74,83,228,72,120,138,211,105,79,1
140,42,265,36,76,82,228,70,122,140,210,106,79,1
141,39,263,34,73,83,229,69,120,139,210,106,79,1
142,38,264,37,75,83,229,70,119,140,210,105,79,1
143,39,262,34,76,84,231,70,119,139,209,104,79,1
144,41,265,36,76,82,228,69,119,140,209,104,80,1
145,40,265,36,75,82,230,70,120,140,211,106,79,1
146,39,265,34,76,83,230,70,121,141,210,104,80,1
147,41,265,36,76,84,230,70,121,140,210,104,82,1
148,40,265,35,76,82,229,69,120,140,210,105,80,1
149,41,265,34,75,83,229,69,120,140,209,106,79,1
150,39,265,35,75,83,229,70,122,141,211,106,82,1
151,42,265,33,74,81,230,69,119,142,210,105,81,1
152,41,266,35,76,80,231,71,120,142,210,105,78,1
153,40,264,35,75,83,230,70,120,140,209,105,79,1
154,40,265,34,76,82,230,72,121,140,209,102,80,1
155,41,266,34,76,83,230,71,119,141,211,105,78,1
156,40,264,36,76,82,228,69,118,140,210,106,80,1
157,41,266,34,75,82,230,71,122,141,211,105,81,1
158,39,266,35,76,83,230,70,121,140,210,104,82,1
159,42,266,36,76,81,230,68,120,140,208,105,79,1
160,40,265,35,75,83,229,69,120,140,209,104,80,1
161,40,263,34,75,82,231,71,122,139,210,104,82,1
162,41,264,37,75,82,231,69,119,140,209,104,80,1
163,39,264,35,77,82,230,68,122,140,209,105,79,1
164,39,264,37,76,82,229,70,120,139,211,102,81,1
165,39,266,34,75,82,229,68,119,139,210,106,80,1
166,41,266,36,75,81,230,70,121,139,209,103,82,1
167,41,263,35,76,83,231,71,120,139,210,104,81,1
168,40,265,34,75,83,230,69,121,139,211,104,79,1
169,38,264,32,76,81,230,70,121,139,210,104,79,1
170,39,265,36,77,82,229,71,119,141,211,106,80,1
171,39,265,34,74,83,230,69,121,141,211,105,82,1
172,39,265,35,75,81,231,70,121,141,211,107,79,1
173,39,265,35,75,82,227,71,120,139,210,103,78,1
174,39,266,36,76,82,227,70,120,140,211,106,79,1
175,40,265,35,76,83,229,70,119,140,210,105,80,1
176,41,264,35,76,82,230,70,120,141,210,103,80,1
177,41,268,35,76,82,229,71,121,138,209,108,81,1
178,39,266,34,74,82,230,69,120,140,210,105,78,1
179,40,265,35,72,82,229,71,121,140,208,105,80,1
180,39,266,34,75,84,230,70,118,139,211,106,81,1
181,39,265,35,75,82,228,69,121,141,212,105,81,1
182,41,266,36,73,84,231,70,121,140,211,103,81,1
183,41,266,34,74,83,229,69,121,140,211,105,82,1
184,39,265,38,74,82,231,70,120,139,211,105,80,1
185,42,265,36,76,85,232,71,119,139,209,104,79,1
186,39,265,34,75,83,230,70,120,140,211,106,80,1
187,41,265,36,74,85,229,68,120,139,210,105,80,1
188,41,265,36,75,83,231,71,119,139,210,103,81,1
189,39,265,35,74,82,229,70,119,141,209,104,81,1
190,39,266,34,76,83,229,70,120,141,209,105,78,1
191,38,264,34,76,82,230,68,119,140,210,104,81,1
192,41,265,35,73,82,230,69,122,139,210,106,80,1
193,40,266,35,74,83,229,68,121,139,209,104,79,1
194,40,267,34,76,83,229,70,120,139,209,107,80,1
195,40,264,35,74,84,230,70,119,141,210,106,81,1
196,41,264,35,77,82,230,69,121,140,211,104,78,1
197,40,265,34,76,84,228,70,120,142,210,107,81,1
198,41,265,37,74,82,231,70,120,140,209,105,81,1
199,38,266,35,74,83,230,69,120,140,211,104,81,1
200,41,264,33,75,84,231,71,119,141,211,104,81,1
201,38,265,35,74,83,228,71,119,139,210,105,79,1
202,39,264,35,76,82,229,70,118,139,211,104,81,1
203,40,263,35,75,82,230,70,121,140,211,104,78,1
204,41,267,34,74,83,231,70,121,138,210,104,80,1
205,41,264,35,75,82,229,70,120,140,211,105,80,1
206,41,264,34,73,83,229,70,121,139,210,103,80,1
207,40,265,33,76,82,229,71,122,139,210,106,79,1
208,40,264,35,75,84,229,70,122,141,211,103,79,1
209,40,263,34,73,81,229,72,122,141,211,106,79,1
210,40,266,37,75,82,231,69,121,139,211,105,80,1
211,40,266,37,77,82,230,70,121,140,210,104,81,1
212,40,264,36,75,83,229,68,121,141,212,104,80,1
213,39,264,36,77,82,230,70,122,139,210,104,81,1
214,41,263,34,73,82,230,68,119,139,210,104,81,1
215,40,265,35,74,82,230,69,120,140,211,103,82,1
216,39,264,34,76,81,229,69,119,141,211,106,80,1
217,42,266,34,74,83,230,71,121,141,210,104,81,1
218,41,263,34,74,82,230,69,119,141,210,106,79,1
219,39,265,35,76,81,227,71,119,140,212,104,79,1
220,40,265,36,74,84,231,70,120,139,210,105,80,1
221,37,264,35,76,83,232,70,119,141,210,106,81,1
222,42,265,35,75,83,230,68,120,140,211,105,81,1
223,39,267,35,75,82,230,70,120,139,211,105,81,1
224,41,265,37,77,83,230,71,118,137,211,105,80,1
225,40,265,35,76,82,230,71,121,138,209,106,79,1
226,41,265,35,76,81,231,70,121,140,211,104,80,1
227,41,265,34,75,84,229,69,121,139,209,107,81,1
228,39,265,36,76,81,231,70,120,138,209,105,80,1
229,41,266,35,76,83,231,70,118,139,211,104,78,1
230,42,265,36,75,84,230,69,120,141,210,106,79,1
231,41,264,34,74,82,231,70,121,140,213,104,80,1
232,39,266,34,76,82,229,71,121,141,211,105,78,1
233,41,267,34,76,83,230,70,119,141,211,103,80,1
234,40,266,35,76,82,231,70,121,141,208,104,80,1
235,39,266,35,76,83,230,72,120,140,211,105,79,1
236,42,263,34,76,81,228,69,121,140,211,104,80,1
237,41,266,34,77,83,230,69,118,140,211,104,80,1
238,40,264,36,77,82,229,71,120,141,210,104,81,1
239,38,264,36,74,82,230,71,119,140,210,106,80,1
240,40,266,36,78,81,228,70,120,140,210,105,80,1
241,39,265,35,75,82,230,72,119,140,211,105,81,1
242,40,267,34,74,84,229,70,120,139,210,103,81,1
243,39,266,34,77,83,230,69,121,140,207,105,80,1
244,40,263,33,76,81,231,71,120,140,209,105,81,1
245,41,264,33,76,84,230,70,119,140,211,105,80,1
246,41,266,35,74,82,231,70,118,141,210,106,79,1
247,40,267,34,74,82,230,70,120,139,212,104,79,1
248,41,264,35,76,82,230,70,119,139,211,105,81,1
249,40,266,35,75,80,230,68,121,139,211,105,80,1
250,39,266,35,74,84,229,70,119,138,208,105,80,1
251,40,264,36,75,82,230,70,120,139,208,106,79,1
252,41,264,34,76,82,230,69,121,140,211,104,80,1
253,41,263,35,74,82,230,71,120,140,209,107,80,1
254,39,265,37,75,82,232,70,121,140,210,105,81,1
255,38,265,36,74,83,230,69,119,142,210,105,77,1
256,40,267,35,75,82,230,71,120,141,209,103,79,1
257,39,266,35,74,81,229,69,120,140,210,105,78,1
258,41,263,36,75,83,230,68,119,141,212,105,81,1
259,40,265,34,76,81,231,70,123,140,210,105,80,1
260,40,267,35,73,83,230,73,122,140,211,107,80,1
261,38,264,35,77,83,230,69,120,139,210,107,79,1
262,39,265,35,74,84,230,71,119,139,210,105,81,1
263,40,264,34,75,83,231,70,120,139,211,106,80,1
264,41,266,36,76,83,229,68,120,141,211,105,80,1
265,40,266,35,77,82,229,68,120,141,210,104,80,1
266,40,264,33,75,82,230,70,121,139,211,105,80,1
267,40,265,33,76,82,232,70,120,140,207,104,80,1
268,40,267,35,75,85,228,70,118,140,209,105,80,1
269,40,265,35,74,83,228,69,120,141,209,105,81,1
270,39,265,34,76,82,231,71,120,137,211,105,81,1
271,41,267,34,75,81,231,70,120,139,211,104,79,1
272,41,265,36,75,82,231,69,119,140,211,106,81,1
273,40,266,36,75,83,230,70,119,141,211,103,79,1
274,41,265,35,77,83,229,71,119,139,210,106,80,1
275,42,265,36,75,82,229,69,120,140,208,106,79,1
276,39,265,37,75,82,228,70,120,139,209,103,79,1
277,40,265,34,76,83,231,71,120,140,209,104,80,1
278,40,263,37,76,82,230,70,122,139,209,106,79,1
279,39,264,34,73,84,230,70,119,141,210,106,80,1
280,39,264,35,76,82,231,70,120,141,209,105,77,1
281,39,265,34,75,84,231,69,119,139,212,104,79,1
282,40,267,38,75,82,231,70,120,140,210,105,82,1
283,37,265,35,74,84,229,71,121,139,209,107,78,1
284,39,264,35,75,82,229,69,118,141,209,104,80,1
285,41,264,35,74,83,231,69,119,140,209,105,81,1
286,42,264,34,75,83,231,69,121,139,209,105,80,1
287,42,265,35,74,84,230,72,120,139,210,104,80,1
288,40,266,34,77,82,230,71,120,138,210,105,81,1
289,41,263,35,75,84,231,71,119,141,209,103,81,1
290,39,264,36,75,82,232,71,120,139,210,105,81,1
291,40,266,34,74,84,227,70,119,140,212,105,78,1
292,39,264,34,77,82,231,72,120,139,211,104,79,1
293,41,263,36,74,82,229,70,118,141,210,105,80,1
294,40,266,34,75,83,229,70,120,141,209,106,81,1
295,41,265,35,74,83,228,71,120,140,209,105,81,1
296,39,266,36,76,82,230,71,121,139,210,105,80,1
297,40,264,36,75,83,230,71,119,138,210,106,81,1
298,40,264,35,75,81,230,69,120,141,210,105,80,1
299,40,263,36,75,81,230,70,120,139,210,104,81,1
0,178,220,69,99,210,186,114,171,270,155,149,135,2
1,182,220,70,100,208,184,115,169,269,155,150,135,2
2,181,219,69,100,210,184,114,169,270,155,150,135,2
3,183,221,70,100,211,185,116,171,271,156,150,136,2
4,180,219,70,99,211,184,114,170,271,157,151,136,2
5,180,222,69,99,210,186,116,167,269,156,151,134,2
6,180,220,69,99,212,186,115,170,270,156,151,135,2
7,179,220,71,99,211,185,114,170,268,156,150,135,2
8,178,219,71,99,210,187,114,169,270,154,149,134,2
9,180,220,70,100,210,186,115,170,271,155,150,135,2
10,179,218,70,100,210,185,115,171,271,156,150,135,2
11,179,220,68,100,211,188,114,171,268,156,150,135,2
12,180,220,67,101,211,185,116,170,271,155,151,135,2
13,178,220,70,102,210,186,114,171,272,153,151,135,2
14,180,220,69,101,211,188,114,172,271,156,148,136,2
15,179,219,70,99,210,187,114,171,270,154,152,134,2
16,179,220,71,100,209,188,115,170,270,156,148,135,2
17,179,219,71,102,209,185,115,170,269,154,152,133,2
18,180,219,69,101,210,184,114,169,270,156,150,135,2
19,180,221,69,101,210,185,115,169,269,155,151,135,2
20,180,220,70,100,208,184,116,170,270,157,150,135,2
21,178,221,71,98,210,184,115,170,271,155,151,137,2
22,179,219,71,100,210,186,114,169,270,155,149,136,2
23,180,220,69,100,211,185,117,170,270,154,149,135,2
24,179,220,68,100,211,187,117,170,270,155,148,134,2
25,179,221,70,100,211,186,116,170,269,155,148,134,2
26,180,221,71,101,211,185,115,169,269,154,150,134,2
27,180,221,70,99,211,184,115,169,269,154,151,135,2
28,179,221,71,101,210,184,116,168,269,156,151,136,2
29,178,219,70,101,209,186,116,171,269,155,150,135,2
30,179,217,71,99,209,184,115,170,271,156,149,135,2
31,179,219,70,100,209,185,116,171,267,154,152,133,2
32,178,219,70,99,211,187,114,168,271,157,148,135,2
33,181,220,68,101,210,186,116,169,270,156,150,135,2
34,178,220,70,100,211,186,115,170,270,155,148,138,2
35,180,220,70,99,210,185,116,171,270,154,150,134,2
36,179,219,70,100,211,186,115,170,270,154,149,136,2
37,179,219,69,100,210,186,113,171,270,155,151,136,2
38,181,219,70,101,211,185,115,169,268,156,148,135,2
39,181,221,68,99,210,185,117,172,270,155,151,134,2
40,181,219,70,99,211,186,114,172,269,155,149,133,2
41,179,219,68,98,211,184,115,169,270,154,151,134,2
42,182,220,69,99,208,187,115,171,270,154,148,135,2
43,180,221,68,100,209,187,117,168,271,157,151,136,2
44,180,219,69,99,209,184,119,169,270,155,149,136,2
45,181,222,70,99,209,185,114,169,271,155,150,135,2
46,180,222,69,100,209,184,116,171,271,155,150,136,2
47,178,220,71,101,210,185,116,169,269,157,151,135,2
48,180,221,70,100,209,185,115,170,270,154,150,135,2
49,179,220,70,100,210,185,114,171,269,153,150,136,2
50,180,220,71,100,209,187,116,169,270,154,150,136,2
51,179,221,70,99,210,185,116,170,269,154,150,133,2
52,181,220,71,101,210,185,114,169,269,154,150,134,2
53,179,221,70,101,212,185,114,172,271,154,150,134,2
54,179,221,70,101,210,185,116,170,269,154,151,132,2
55,180,218,70,100,209,187,116,169,271,156,149,134,2
56,183,221,69,99,208,186,115,170,267,157,150,135,2
57,179,223,70,100,210,186,116,169,270,154,150,134,2
58,179,221,70,99,210,184,115,170,269,155,150,136,2
59,180,220,70,99,210,186,114,170,270,155,151,135,2
60,179,220,69,100,211,183,114,169,270,155,149,136,2
61,178,221,72,98,210,185,114,169,270,155,150,134,2
62,180,220,69,99,208,185,115,170,271,154,150,135,2
63,179,220,70,100,211,183,114,172,269,156,149,133,2
64,181,221,69,99,210,185,114,170,270,155,149,133,2
65,180,221,69,99,209,185,114,172,270,155,149,134,2
66,180,219,69,98,211,186,114,170,270,155,151,136,2
67,181,219,71,102,211,185,114,169,272,155,149,133,2
68,179,219,71,100,211,183,116,172,269,155,150,133,2
69,180,220,70,101,210,184,115,171,269,157,149,134,2
70,180,221,71,99,209,184,115,171,272,156,151,136,2
71,180,220,70,99,210,184,116,171,270,154,150,134,2
72,179,221,70,99,210,184,114,170,268,157,150,135,2
73,181,220,70,100,210,186,116,170,271,155,150,135,2
74,180,221,69,100,210,184,114,169,269,155,151,136,2
75,180,221,71,100,210,185,116,169,270,154,150,136,2
76,180,220,69,100,211,184,115,170,269,155,150,136,2
77,179,220,68,100,209,184,115,171,269,153,150,133,2
78,181,220,71,99,209,183,114,171,270,155,148,135,2
79,180,219,70,100,211,185,114,170,271,156,151,136,2
80,182,221,70,101,210,184,116,171,269,157,150,135,2
81,179,219,70,98,207,185,115,170,270,155,147,135,2
82,179,221,69,99,210,184,116,170,270,156,149,136,2
83,180,221,70,102,210,185,114,168,269,155,150,135,2
84,179,220,71,99,209,185,115,168,270,154,151,134,2
85,180,220,70,101,212,187,113,170,272,154,151,136,2
86,180,220,70,101,208,184,116,170,269,155,151,135,2
87,180,219,70,102,210,185,116,169,270,154,152,134,2
88,181,222,70,101,209,182,114,171,269,155,149,135,2
89,180,220,70,99,210,186,114,170,270,156,150,134,2
90,182,220,68,100,210,185,116,169,270,154,149,135,2
91,180,221,70,102,211,186,113,169,268,154,149,135,2
92,180,221,71,99,212,185,115,170,273,154,149,137,2
93,180,221,70,101,209,187,116,170,271,154,150,135,2
94,181,221,70,100,210,184,115,170,271,154,151,134,2
95,181,221,68,100,209,185,114,169,270,155,151,134,2
96,180,221,70,100,210,185,116,170,271,153,151,135,2
97,177,220,71,101,210,186,117,169,271,156,149,138,2
98,179,219,69,101,211,184,114,172,270,156,150,136,2
99,181,220,71,100,209,184,115,169,270,155,151,134,2
100,180,219,71,102,212,184,117,172,270,155,152,135,2
101,181,218,69,100,210,187,115,171,271,156,152,136,2
102,181,221,70,100,209,184,113,171,269,155,150,135,2
103,180,219,71,101,210,184,115,169,272,154,150,135,2
104,181,221,69,100,211,187,116,172,271,155,151,137,2
105,179,221,71,100,210,184,114,170,271,157,148,134,2
106,180,221,70,101,210,186,115,170,270,154,152,133,2
107,180,221,72,100,211,185,116,169,270,155,150,134,2
108,180,219,70,101,212,185,114,172,271,156,149,136,2
109,178,221,70,100,212,187,114,170,270,155,150,135,2
110,181,221,70,100,210,183,116,171,270,154,151,135,2
111,178,221,70,101,212,183,116,170,271,155,150,138,2
112,180,220,70,101,210,185,116,170,270,155,150,135,2
113,179,218,70,100,211,186,116,168,268,155,149,132,2
114,180,222,68,99,210,185,116,170,270,153,150,134,2
115,182,219,70,100,213,184,115,169,269,155,151,133,2
116,181,219,72,100,210,185,116,169,269,155,149,135,2
117,179,220,70,100,210,184,116,171,271,155,149,134,2
118,180,221,70,98,213,186,115,172,268,157,152,136,2
119,181,219,70,101,210,186,116,169,272,155,150,136,2
120,181,223,69,100,209,185,116,169,270,157,152,136,2
121,180,220,70,100,210,183,113,169,270,155,149,135,2
122,180,220,71,100,212,184,115,169,269,153,149,135,2
123,183,219,70,101,209,188,115,170,270,154,150,136,2
124,181,220,71,101,211,186,115,170,269,154,150,136,2
125,179,219,70,100,212,185,115,170,270,156,149,135,2
126,180,221,71,101,210,185,115,170,268,156,147,136,2
127,180,221,70,101,209,185,115,170,270,155,150,135,2
128,181,220,69,102,210,184,114,170,271,153,149,133,2
129,180,222,70,100,211,185,114,170,270,155,149,136,2
130,181,219,71,99,209,187,114,170,270,155,151,134,2
131,181,220,71,101,210,188,117,172,267,156,150,136,2
132,181,220,71,101,209,184,115,171,269,155,149,135,2
133,180,221,69,100,210,186,114,170,271,155,149,134,2
134,179,220,70,101,209,185,116,171,274,157,150,133,2
135,181,221,71,99,210,185,115,171,269,156,152,136,2
136,180,218,71,101,210,185,115,171,271,156,150,134,2
137,180,221,69,101,211,185,115,172,270,156,151,134,2
138,179,220,69,99,210,185,115,171,272,156,149,134,2
139,180,221,69,101,211,186,115,169,270,156,151,136,2
140,180,219,71,100,211,185,115,173,270,154,149,135,2
141,181,219,69,102,208,183,117,170,270,156,149,135,2
142,180,219,70,101,211,186,114,169,269,156,150,135,2
143,180,220,71,101,211,183,115,170,271,155,150,134,2
144,180,220,69,100,209,186,114,170,270,154,151,136,2
145,179,220,70,101,210,186,115,171,270,155,149,134,2
146,181,222,69,99,210,185,114,170,270,156,150,136,2
147,180,221,69,100,211,185,115,169,269,155,150,135,2
148,181,221,70,99,210,186,117,169,270,154,149,134,2
149,180,222,69,101,210,183,115,171,271,156,148,136,2
150,180,220,70,100,209,185,114,170,270,154,149,134,2
151,179,219,72,100,209,184,116,171,269,154,151,133,2
152,182,219,69,98,210,186,116,171,270,155,151,136,2
153,181,218,69,98,211,186,114,168,270,156,149,136,2
154,181,220,70,99,211,186,117,169,269,153,151,136,2
155,180,220,72,101,210,184,114,169,268,154,152,134,2
156,182,220,68,100,211,186,115,170,271,156,148,135,2
157,178,220,70,99,210,186,114,171,270,155,151,135,2
158,179,220,70,100,211,184,115,169,270,155,150,134,2
159,180,220,70,99,210,185,115,170,269,156,151,136,2
160,180,222,71,100,210,185,114,171,271,156,148,132,2
161,179,221,68,100,209,184,115,171,270,155,151,135,2
162,180,220,69,101,209,184,115,170,268,155,149,135,2
163,179,219,69,99,211,184,115,169,271,156,148,135,2
164,179,217,70,100,211,185,115,169,270,155,151,134,2
165,180,221,69,99,210,184,115,171,270,155,151,135,2
166,181,220,68,101,210,184,116,171,270,154,150,135,2
167,180,222,70,99,211,184,115,169,270,155,150,135,2
168,181,222,71,99,211,185,114,171,270,155,150,134,2
169,181,220,69,101,210,185,116,171,272,155,150,135,2
170,179,219,70,100,210,186,114,168,272,156,149,137,2
171,182,219,71,99,210,186,116,171,272,156,150,133,2
172,181,219,69,101,210,186,115,170,272,155,150,135,2
173,182,220,69,100,211,185,115,171,270,156,149,135,2
174,181,220,70,101,210,183,116,171,269,154,147,136,2
175,180,221,71,101,211,187,115,168,269,155,149,133,2
176,180,221,71,100,210,185,115,170,273,155,151,134,2
177,181,220,70,100,210,184,113,168,271,155,149,135,2
178,180,220,72,100,211,184,114,171,270,155,150,133,2
179,179,221,70,101,210,184,115,170,269,154,150,135,2
180,180,221,69,100,209,184,114,168,271,155,149,136,2
181,180,221,68,99,208,185,115,171,269,155,151,135,2
182,180,220,70,101,210,186,114,169,271,155,149,135,2
183,178,221,70,100,211,184,114,170,270,156,151,133,2
184,180,220,71,101,210,185,116,171,272,155,151,135,2
185,180,220,70,100,208,185,115,169,271,157,148,134,2
186,180,220,71,99,210,185,114,171,268,154,149,134,2
187,178,220,70,103,209,183,116,168,271,154,151,135,2
188,179,219,68,101,209,187,115,170,271,156,149,135,2
189,181,221,71,99,209,186,115,169,269,155,151,134,2
190,180,220,71,99,209,187,114,169,271,156,151,137,2
191,179,222,69,96,210,186,115,170,268,155,149,134,2
192,180,218,69,101,210,185,115,171,270,154,150,134,2
193,180,221,71,101,210,186,115,171,270,157,151,136,2
194,179,222,69,100,210,187,115,169,269,157,149,136,2
195,179,219,70,101,209,184,114,170,270,155,148,135,2
196,181,219,71,98,210,185,116,167,271,154,148,135,2
197,181,221,71,100,210,185,115,171,272,154,149,134,2
198,181,222,69,99,208,183,115,170,269,157,152,136,2
199,179,220,70,101,211,185,115,169,271,154,151,135,2
200,180,219,70,99,209,186,116,170,269,155,149,135,2
201,181,220,70,98,210,183,115,170,271,154,152,136,2
202,180,221,70,100,211,184,115,171,270,155,149,136,2
203,181,221,69,101,211,183,115,171,269,155,150,135,2
204,180,220,71,100,211,185,115,170,271,154,151,136,2
205,181,219,70,97,211,185,116,170,269,154,150,138,2
206,179,221,72,101,210,184,116,170,273,153,150,134,2
207,182,219,70,99,210,186,118,168,270,154,151,136,2
208,180,219,71,100,211,183,117,171,270,154,151,136,2
209,179,219,71,101,210,186,115,172,269,155,151,135,2
210,180,220,69,101,210,185,116,170,269,153,151,134,2
211,179,218,71,100,209,184,116,171,268,155,150,137,2
212,181,221,70,100,208,184,116,169,270,156,150,136,2
213,180,221,72,101,210,186,116,172,269,154,149,136,2
214,180,220,71,98,211,183,117,171,270,156,150,136,2
215,181,219,69,100,209,185,114,171,270,156,151,134,2
216,180,218,71,100,209,186,115,171,271,158,150,136,2
217,180,220,70,100,212,185,115,170,269,154,150,136,2
218,182,219,71,101,212,186,114,171,270,154,151,136,2
219,180,222,68,99,211,184,114,168,271,156,152,135,2
220,180,220,70,100,212,187,115,169,271,156,151,136,2
221,179,219,68,100,212,185,114,169,270,155,151,137,2
222,181,220,71,99,211,185,115,170,269,155,149,134,2
223,182,221,69,100,208,186,117,169,270,154,149,136,2
224,181,220,70,100,210,183,114,171,269,155,151,136,2
225,180,220,69,97,212,183,115,170,269,154,151,134,2
226,179,221,71,99,209,184,115,170,271,153,151,136,2
227,182,220,70,102,210,184,115,171,269,156,150,135,2
228,179,219,70,100,210,185,116,170,269,154,151,134,2
229,179,221,70,99,208,186,115,169,269,156,149,134,2
230,181,224,71,101,208,185,115,168,268,154,151,135,2
231,178,218,71,100,210,184,113,168,269,155,148,136,2
232,178,222,71,100,210,184,115,170,271,155,150,135,2
233,180,220,69,102,211,185,116,171,269,155,150,136,2
234,180,219,70,100,211,184,113,171,271,155,150,135,2
235,181,220,69,101,210,184,113,169,269,155,148,136,2
236,180,221,71,99,209,185,117,171,269,154,150,134,2
237,180,222,70,98,210,186,116,169,273,157,151,134,2
238,180,220,70,100,209,184,115,170,270,155,149,135,2
239,180,221,71,99,209,184,115,171,268,154,150,135,2
240,178,219,70,99,211,185,115,170,269,154,150,134,2
241,180,219,70,100,209,185,115,169,269,155,150,135,2
242,179,220,72,100,211,185,115,171,271,154,150,135,2
243,180,220,69,101,209,185,116,170,271,154,150,135,2
244,179,219,70,100,211,187,116,169,271,156,151,136,2
245,180,220,69,98,210,185,115,170,271,155,150,135,2
246,183,220,71,101,209,185,114,171,270,157,149,137,2
247,181,220,70,99,211,185,115,172,268,156,149,135,2
248,178,221,68,99,209,186,116,170,271,155,151,134,2
249,180,221,70,101,210,187,116,169,270,154,150,134,2
250,180,218,70,100,210,185,115,172,270,156,149,135,2
251,180,220,71,100,211,183,115,170,270,155,151,135,2
252,180,221,71,101,209,185,115,169,272,154,148,135,2
253,182,219,69,100,211,185,115,170,270,155,152,136,2
254,179,220,71,99,210,185,115,171,271,156,149,136,2
255,182,220,72,99,208,184,115,169,269,154,151,135,2
256,180,220,70,102,210,185,116,169,268,153,151,135,2
257,180,220,71,99,209,186,115,170,269,156,150,133,2
258,179,220,72,100,210,185,114,169,270,155,148,135,2
259,180,223,71,101,210,184,113,168,270,155,150,136,2
260,182,220,71,101,209,186,115,170,272,155,150,133,2
261,179,222,70,101,209,184,115,168,270,153,149,135,2
262,180,220,70,99,211,186,115,171,269,156,150,137,2
263,179,220,69,100,210,185,114,170,271,154,150,136,2
264,179,219,70,100,209,184,114,170,270,156,151,135,2
265,182,219,71,99,209,185,116,169,270,155,149,136,2
266,179,221,70,101,208,186,116,171,270,155,149,135,2
267,181,220,71,100,211,185,117,169,271,156,151,136,2
268,180,221,70,100,210,184,115,169,269,155,150,135,2
269,180,220,71,100,211,185,115,170,271,155,151,135,2
270,180,221,70,101,211,186,115,169,272,155,150,135,2
271,179,220,68,101,211,186,116,172,270,156,149,135,2
272,180,219,69,98,211,187,115,170,271,155,150,136,2
273,178,220,69,102,210,184,116,170,271,155,149,136,2
274,182,218,71,101,210,185,114,170,271,153,150,136,2
275,179,220,69,100,210,186,114,169,270,155,150,132,2
276,179,219,72,100,209,182,116,171,271,157,150,135,2
277,181,219,71,101,208,185,114,170,270,156,148,135,2
278,180,221,72,101,213,184,115,170,270,156,149,136,2
279,180,221,69,98,211,184,116,171,268,158,150,136,2
280,179,219,69,100,208,185,116,170,270,154,150,136,2
281,181,220,70,100,209,185,116,171,271,155,149,134,2
282,179,221,70,99,209,184,114,170,270,156,152,135,2
283,181,219,69,101,212,186,116,170,271,154,151,134,2
284,180,219,70,102,211,185,115,171,270,155,148,133,2
285,180,222,70,100,212,185,115,171,270,155,151,135,2
286,180,220,70,99,209,185,116,168,270,155,149,134,2
287,181,221,71,100,212,186,116,169,270,156,150,134,2
288,179,221,71,100,208,185,116,170,270,154,152,134,2
289,179,220,69,100,210,185,115,169,269,154,149,136,2
290,180,220,71,99,210,185,114,170,270,156,151,134,2
291,181,220,69,99,212,185,115,170,269,156,149,136,2
292,182,220,69,100,211,183,114,170,271,157,150,135,2
293,181,218,71,101,208,186,115,169,270,154,150,134,2
294,182,219,69,101,211,187,115,170,271,154,152,135,2
295,179,220,69,100,210,186,113,170,270,155,150,135,2
296,179,220,69,97,209,187,115,170,269,155,148,133,2
297,181,219,69,99,211,185,116,172,271,155,150,137,2
298,179,220,70,100,210,183,116,170,270,155,150,134,2
299,180,221,69,99,209,186,116,170,271,155,152,135,2
0,285,179,111,140,317,129,161,204,344,95,201,191,3
1,286,176,110,138,314,129,159,206,345,95,202,189,3
2,285,175,109,139,315,130,160,203,346,95,202,189,3
3,286,174,108,140,315,129,159,206,345,95,199,191,3
4,285,175,109,141,316,130,160,206,345,95,199,190,3
5,286,174,113,139,314,129,159,206,345,96,201,190,3
6,285,174,110,139,316,130,160,206,345,96,199,191,3
7,284,174,110,140,316,130,160,205,345,95,201,188,3
8,284,174,111,139,316,133,160,205,346,96,200,190,3
9,285,174,110,138,315,130,159,207,346,93,202,193,3
10,285,176,110,140,314,131,159,205,345,94,200,190,3
11,284,173,109,142,315,131,159,204,344,95,199,188,3
12,286,175,108,140,315,129,160,206,345,94,200,190,3
13,285,173,110,139,316,130,160,204,345,93,200,191,3
14,284,175,110,140,315,131,159,204,346,96,199,188,3
15,285,176,111,142,317,131,160,204,342,93,199,190,3
16,285,175,111,140,316,129,159,205,345,94,199,190,3
17,284,174,111,140,315,131,161,204,345,97,200,191,3
18,284,176,109,142,314,130,159,205,345,94,200,191,3
19,284,177,110,141,317,130,159,203,343,96,198,191,3
20,286,176,109,141,314,130,159,204,346,96,201,189,3
21,285,173,110,139,316,133,161,205,343,96,200,190,3
22,285,175,110,139,315,130,160,204,344,96,201,188,3
23,285,174,112,139,315,130,161,204,343,95,200,190,3
24,285,175,109,138,317,130,161,203,346,96,201,190,3
25,284,175,109,139,313,129,160,203,346,95,200,190,3
26,285,175,108,142,316,131,162,203,344,96,199,190,3
27,286,175,111,141,315,129,159,204,346,94,201,189,3
28,284,175,109,140,316,130,161,204,343,94,200,190,3
29,285,175,109,140,314,131,162,207,343,96,200,189,3
30,284,174,112,141,315,128,160,206,344,95,201,189,3
31,284,175,109,142,315,130,160,206,345,94,201,189,3
32,285,175,109,140,313,131,159,204,345,94,201,190,3
33,285,173,110,140,315,130,160,205,345,96,199,190,3
34,286,175,111,141,314,130,161,205,347,97,200,190,3
35,285,176,110,140,316,130,160,205,346,95,200,191,3
36,284,176,112,139,315,129,158,205,346,94,199,191,3
37,285,175,112,139,314,129,160,206,347,95,200,191,3
38,285,175,110,140,315,131,161,204,345,96,199,190,3
39,285,175,110,140,316,133,160,204,347,96,199,191,3
40,285,176,111,140,314,131,159,204,346,95,199,191,3
41,284,174,113,139,316,130,160,207,346,95,201,190,3
42,284,176,110,139,315,131,162,205,346,95,199,191,3
43,285,175,110,140,315,129,158,204,346,94,200,191,3
44,284,175,109,140,314,132,160,204,344,95,200,189,3
45,284,173,111,138,317,131,161,207,343,96,199,190,3
46,283,176,112,141,315,131,160,203,345,95,200,189,3
47,285,175,110,140,315,131,160,204,344,94,199,189,3
48,285,174,109,140,315,130,161,204,346,94,202,190,3
49,284,175,108,140,313,130,160,205,346,96,198,190,3
50,285,175,110,139,316,130,160,204,345,95,202,191,3
51,284,174,111,139,317,130,160,204,344,96,201,190,3
52,285,176,109,140,315,131,160,203,346,95,202,190,3
53,285,175,107,141,314,129,160,206,344,94,199,190,3
54,287,175,111,141,314,130,158,207,345,95,200,191,3
55,284,174,112,140,316,130,158,207,344,94,199,189,3
56,284,174,109,139,314,132,159,204,345,95,201,189,3
57,285,176,110,139,315,129,160,205,345,96,201,191,3
58,285,174,111,140,316,131,160,203,343,95,197,189,3
59,283,174,110,142,315,130,161,205,344,96,201,190,3
60,286,175,110,140,315,130,161,204,346,96,199,191,3
61,284,175,110,140,316,132,162,205,345,96,199,192,3
62,285,176,110,141,315,129,160,207,344,94,200,188,3
63,285,175,108,141,316,130,158,205,343,95,200,190,3
64,285,176,111,141,315,130,161,208,344,93,199,190,3
65,284,175,111,139,314,129,161,205,344,96,199,190,3
66,284,174,110,141,313,128,161,205,344,93,199,190,3
67,286,175,109,139,314,130,160,205,345,94,200,190,3
68,285,176,110,140,316,130,160,204,344,94,201,189,3
69,285,176,112,139,316,131,160,206,345,95,201,191,3
70,286,175,110,138,315,130,160,206,344,95,200,192,3
71,283,174,111,139,317,130,161,205,345,96,200,188,3
72,286,177,109,141,314,129,161,204,343,94,200,189,3
73,284,175,110,139,315,131,159,203,344,96,200,190,3
74,286,174,111,140,314,132,160,205,344,95,202,189,3
75,284,173,110,140,314,130,159,205,345,95,201,190,3
76,285,175,110,138,315,130,161,204,346,95,201,190,3
77,285,176,109,138,316,129,160,205,346,95,201,190,3
78,285,177,109,142,313,129,161,204,345,94,200,191,3
79,283,173,109,141,316,129,161,205,345,96,201,191,3
80,286,175,111,139,315,129,161,205,346,97,200,190,3
81,286,175,110,139,315,128,158,205,345,94,199,191,3
82,285,175,109,138,315,132,160,206,343,96,200,189,3
83,286,173,111,142,315,132,161,205,346,93,201,191,3
84,284,174,110,139,315,128,160,204,345,95,199,190,3
85,286,176,110,139,315,129,160,204,346,95,201,192,3
86,285,176,109,139,315,130,159,205,345,96,201,189,3
87,285,175,109,141,316,130,160,204,345,96,199,188,3
88,285,176,110,141,314,130,161,205,342,93,199,189,3
89,286,175,110,137,314,132,158,206,344,95,200,190,3
90,286,176,110,140,314,130,161,206,346,94,201,189,3
91,284,174,110,141,315,130,161,205,344,96,200,190,3
92,286,173,111,139,315,129,159,205,345,94,200,190,3
93,284,174,110,139,317,132,161,206,345,94,201,189,3
94,285,174,111,140,314,131,161,204,343,93,200,190,3
95,283,175,110,139,316,129,160,205,345,96,198,191,3
96,284,177,111,141,315,130,159,205,345,93,200,188,3
97,285,177,108,142,315,130,161,204,345,94,200,192,3
98,284,175,111,142,316,131,159,204,345,94,200,190,3
99,285,176,109,138,316,130,159,206,344,94,202,191,3
100,284,176,110,141,316,130,159,204,343,93,201,191,3
101,287,176,111,140,315,129,161,205,345,95,200,188,3
102,285,175,110,141,315,129,158,204,345,94,201,188,3
103,286,176,109,141,315,130,158,205,345,94,198,191,3
104,286,173,110,141,315,129,162,202,344,96,199,191,3
105,285,176,109,140,315,128,161,204,343,96,202,190,3
106,284,177,108,142,315,130,159,203,345,94,198,190,3
107,285,176,111,140,315,129,160,205,347,96,201,189,3
108,286,174,110,140,315,130,159,204,344,96,199,192,3
109,284,176,109,139,315,126,159,204,346,94,200,189,3
110,286,174,110,141,315,131,159,204,344,96,201,189,3
111,287,173,110,141,315,130,162,206,345,94,199,189,3
112,286,175,109,140,317,129,162,205,343,96,199,190,3
113,285,176,112,138,315,132,163,204,346,95,199,190,3
114,283,175,109,139,315,129,159,204,346,95,199,190,3
115,285,175,108,142,314,132,158,204,343,96,201,191,3
116,285,176,109,140,316,130,159,206,344,94,201,190,3
117,285,176,110,138,315,130,163,204,346,94,201,191,3
118,286,174,110,138,316,131,161,203,343,96,200,190,3
119,285,174,111,141,314,130,161,206,344,94,201,191,3
120,285,175,110,141,316,132,160,205,346,95,200,190,3
121,287,176,110,139,315,129,160,205,343,95,201,190,3
122,285,176,110,139,316,130,160,204,343,96,199,191,3
123,284,176,113,140,314,131,159,204,345,95,200,189,3
124,285,175,111,139,314,131,159,204,346,96,200,190,3
125,285,175,111,139,315,129,159,205,344,94,197,189,3
126,286,176,109,141,315,130,159,204,346,94,201,191,3
127,285,175,111,141,313,131,160,205,346,95,200,190,3
128,287,174,109,140,314,130,161,205,346,92,200,189,3
129,285,176,109,141,315,129,160,205,344,95,199,192,3
130,284,176,111,141,316,132,159,204,343,95,200,191,3
131,285,174,110,140,317,130,160,204,346,94,199,191,3
132,285,175,109,138,314,129,162,206,344,95,199,190,3
133,286,174,110,138,312,129,161,206,344,95,200,189,3
134,284,176,108,139,315,131,162,205,344,95,200,188,3
135,285,173,111,139,316,129,161,205,345,94,200,190,3
136,284,176,111,140,315,129,160,205,346,95,200,190,3
137,286,174,109,139,316,133,159,207,346,95,200,190,3
138,285,174,110,140,313,129,161,206,344,93,199,190,3
139,286,176,111,141,315,131,162,204,345,95,202,190,3
140,284,175,110,140,315,130,159,205,346,96,199,189,3
141,285,175,112,140,315,130,159,209,345,96,200,189,3
142,285,174,111,139,315,129,159,206,345,96,200,190,3
143,285,176,110,141,315,129,159,205,344,96,200,190,3
144,285,174,109,140,315,127,161,205,345,95,200,189,3
145,286,174,109,141,315,129,161,207,346,94,199,191,3
146,285,176,109,139,314,130,161,205,347,94,200,191,3
147,284,175,111,140,314,130,159,207,345,96,197,189,3
148,286,175,111,139,316,129,159,203,345,97,200,192,3
149,284,175,110,140,314,128,158,202,345,97,198,191,3
150,285,176,110,140,314,131,161,204,345,95,200,190,3
151,285,176,111,139,315,130,160,203,345,95,201,189,3
152,287,175,110,139,316,131,160,206,346,93,201,188,3
153,284,175,108,143,314,129,160,205,344,95,201,189,3
154,284,174,108,138,314,130,161,207,344,95,201,191,3
155,285,175,109,139,315,130,160,204,346,96,201,192,3
156,285,175,109,140,316,130,160,205,345,96,200,190,3
157,285,176,110,141,315,129,159,205,345,95,200,192,3
158,286,175,108,141,315,129,160,206,344,95,200,189,3
159,283,176,111,139,314,129,161,206,348,95,199,188,3
160,284,175,110,141,317,130,160,204,345,95,200,189,3
161,284,176,111,140,315,131,160,204,343,95,199,191,3
162,286,177,110,140,314,130,160,205,344,94,200,190,3
163,283,177,110,138,316,132,160,206,345,96,200,192,3
164,285,175,109,139,316,129,161,207,345,95,201,189,3
165,286,174,110,140,315,131,159,206,345,95,200,191,3
166,288,176,111,141,316,128,161,205,345,94,199,191,3
167,285,174,112,139,315,131,159,204,346,95,200,190,3
168,286,176,111,140,316,130,161,206,345,94,199,189,3
169,284,174,110,141,316,130,161,206,344,95,201,189,3
170,286,176,107,140,316,131,160,205,344,95,199,190,3
171,286,175,111,139,315,129,161,206,344,95,200,191,3
172,283,175,109,140,315,128,158,206,344,95,200,190,3
173,286,176,111,142,316,131,160,204,346,94,201,192,3
174,285,178,112,139,314,130,159,205,345,94,200,190,3
175,285,177,109,142,314,130,159,205,343,94,201,189,3
176,286,176,110,141,315,131,161,206,344,95,200,192,3
177,285,174,109,140,316,128,159,204,346,96,202,189,3
178,284,174,110,141,314,131,160,205,346,96,200,190,3
179,284,176,110,139,314,131,159,203,347,95,201,189,3
180,285,177,110,140,314,129,159,204,346,94,199,190,3
181,287,174,111,138,314,130,158,206,343,95,200,189,3
182,285,176,112,139,315,129,158,206,343,96,199,191,3
183,286,177,110,141,315,131,158,205,344,95,199,189,3
184,286,175,111,140,315,129,160,205,344,95,201,192,3
185,285,172,110,141,315,131,161,205,345,95,200,190,3
186,286,177,110,141,314,129,159,203,344,94,198,191,3
187,288,174,110,140,315,131,158,205,346,94,201,190,3
188,282,175,112,139,315,130,160,206,343,96,200,189,3
189,285,175,109,139,315,132,160,206,346,96,197,191,3
190,285,175,110,141,316,128,161,204,346,96,199,190,3
191,286,176,111,139,315,131,161,205,346,94,200,190,3
192,285,173,111,141,315,131,160,205,346,94,200,189,3
193,284,174,109,140,315,130,159,205,345,96,200,190,3
194,284,174,111,139,315,130,160,206,346,94,198,191,3
195,285,174,110,140,315,132,161,205,343,95,199,190,3
196,284,175,111,140,315,130,159,205,344,96,198,191,3
197,285,175,110,140,315,128,161,202,347,95,201,189,3
198,285,175,111,139,315,129,159,204,343,97,200,189,3
199,285,176,111,140,314,130,159,206,346,95,202,190,3
200,285,176,111,140,315,131,161,204,343,94,202,189,3
201,284,175,109,139,316,131,159,205,346,97,200,190,3
202,285,176,109,141,314,131,161,205,346,96,198,192,3
203,283,176,110,141,315,130,161,204,345,94,201,189,3
204,285,174,109,140,317,130,161,205,345,94,200,189,3
205,287,174,110,139,315,131,160,205,346,94,200,191,3
206,285,174,110,140,314,130,161,205,345,95,200,192,3
207,285,173,110,140,315,131,160,204,345,96,199,190,3
208,284,174,108,142,317,131,159,205,343,97,200,189,3
209,286,173,110,141,315,130,161,206,345,96,202,190,3
210,286,175,108,140,315,130,161,206,347,94,199,190,3
211,285,176,109,141,314,130,159,206,346,95,200,190,3
212,282,176,108,140,315,131,159,205,347,95,199,190,3
213,284,174,110,142,315,130,162,206,345,97,200,190,3
214,284,174,109,142,315,131,161,205,345,97,200,188,3
215,286,176,111,141,315,129,162,206,345,95,201,191,3
216,285,175,110,139,317,130,161,206,345,97,200,191,3
217,285,173,109,142,315,129,161,206,347,94,201,190,3
218,283,175,111,140,313,130,159,206,346,96,200,190,3
219,286,175,111,141,315,132,160,204,346,95,201,189,3
220,283,175,110,141,316,131,160,204,344,94,199,191,3
221,287,175,107,138,315,130,161,206,345,94,201,190,3
222,285,174,112,138,313,131,159,205,343,96,200,188,3
223,285,175,109,140,313,129,159,205,345,92,200,191,3
224,283,176,112,139,315,129,160,207,346,94,203,190,3
225,284,176,110,140,316,130,159,204,344,94,201,190,3
226,285,174,109,140,315,129,160,205,344,95,202,191,3
227,284,177,110,139,315,130,159,205,345,95,199,193,3
228,285,177,107,142,315,128,161,205,345,95,200,191,3
229,285,176,110,139,318,130,161,207,346,93,200,192,3
230,285,171,111,139,316,129,160,205,344,95,199,191,3
231,283,175,110,140,315,128,160,205,346,94,202,190,3
232,286,176,110,141,315,131,160,205,344,95,200,189,3
233,286,176,112,140,313,131,161,206,344,96,201,188,3
234,284,176,109,141,315,131,160,205,344,96,201,190,3
235,284,176,111,141,316,131,158,206,344,94,201,190,3
236,285,174,110,139,314,132,158,205,345,94,199,190,3
237,282,175,109,142,314,130,160,204,346,96,199,188,3
238,286,174,111,140,314,129,161,205,345,93,201,192,3
239,285,175,108,140,317,130,160,204,347,94,200,187,3
240,286,177,109,140,316,131,162,204,343,95,198,189,3
241,286,174,110,140,313,130,161,208,344,95,202,191,3
242,284,174,109,140,315,130,161,205,345,97,199,190,3
243,285,173,109,139,314,130,161,207,345,95,199,190,3
244,285,173,111,140,315,131,159,207,347,96,201,190,3
245,284,176,110,140,314,132,159,206,345,95,200,190,3
246,284,175,111,140,314,129,160,205,345,96,200,192,3
247,285,175,111,138,316,130,159,205,346,95,200,191,3
248,284,176,111,140,315,130,161,206,345,95,200,188,3
249,285,173,110,140,315,130,159,205,345,96,198,189,3
250,286,176,111,139,315,131,160,205,344,97,200,189,3
251,286,175,108,140,315,130,160,205,343,94,201,191,3
252,284,173,109,139,315,131,160,204,342,95,199,192,3
253,286,175,110,140,316,130,159,205,347,95,200,189,3
254,286,174,110,141,315,131,162,205,347,95,201,189,3
255,286,175,109,141,314,131,162,206,345,94,200,191,3
256,285,175,111,138,316,128,161,206,345,97,199,190,3
257,285,176,110,140,314,130,160,203,345,95,200,190,3
258,284,174,113,141,316,130,161,205,346,94,200,189,3
259,285,175,111,139,313,130,161,204,345,95,198,189,3
260,285,174,107,140,314,130,159,203,346,95,199,192,3
261,283,173,109,139,315,129,161,205,344,95,200,190,3
262,286,174,109,141,316,130,160,204,345,96,200,190,3
263,285,175,110,138,316,131,160,206,345,95,200,190,3
264,285,174,110,140,315,128,160,205,345,95,201,189,3
265,283,176,112,140,315,131,161,206,344,93,199,191,3
266,285,175,109,139,314,131,160,205,344,95,202,189,3
267,287,176,108,142,316,130,160,204,344,96,200,191,3
268,284,174,111,141,314,130,160,204,344,95,200,190,3
269,285,176,110,139,315,130,161,206,345,95,200,191,3
270,286,174,109,140,315,131,161,205,344,95,200,192,3
271,285,174,109,138,315,131,160,205,345,94,198,189,3
272,286,174,111,139,315,130,159,205,345,95,200,190,3
273,286,175,110,140,315,130,160,207,344,94,201,190,3
274,285,175,110,140,315,131,161,207,344,95,200,190,3
275,285,174,110,139,315,132,160,206,344,95,199,191,3
276,285,175,111,143,315,130,159,205,345,96,199,190,3
277,286,173,110,141,315,131,159,205,345,94,201,190,3
278,284,175,107,139,316,129,161,205,347,95,200,189,3
279,283,174,110,140,313,131,162,204,346,95,200,190,3
280,286,175,111,139,314,130,162,205,345,94,199,189,3
281,287,175,110,141,316,130,160,206,344,97,202,189,3
282,285,175,110,141,313,130,159,204,345,94,200,190,3
283,286,176,109,141,314,130,159,205,345,94,200,191,3
284,284,175,110,141,316,132,160,206,344,95,199,190,3
285,284,176,110,141,314,129,158,206,344,94,201,191,3
286,286,174,110,141,314,130,160,205,344,94,199,190,3
287,286,176,111,140,317,130,160,204,344,94,199,190,3
288,285,175,111,142,314,130,159,206,345,96,201,190,3
289,284,173,111,139,317,129,159,205,345,95,199,190,3
290,284,174,110,140,315,130,159,205,345,94,201,190,3
291,285,174,110,141,316,128,159,205,345,93,201,192,3
292,283,176,108,140,315,130,159,205,343,95,202,191,3
293,285,175,109,140,316,131,161,204,345,96,200,190,3
294,285,175,110,141,315,131,160,205,344,97,199,190,3
295,286,175,108,140,315,129,160,205,346,94,200,189,3
296,286,176,110,138,315,132,158,205,347,95,199,190,3
297,285,176,111,141,315,131,158,205,344,96,201,192,3
298,286,177,109,140,316,130,160,205,346,97,199,192,3
299,283,175,109,139,314,130,160,205,345,95,201,190,3
